Rk,Player,Pos,Age,Tm,G,MP,PER,TS%,3PAr,FTr,ORB%,DRB%,TRB%,AST%,STL%,BLK%,TOV%,USG%,,OWS,DWS,WS,WS/48,,OBPM,DBPM,BPM,VORP
1,Kareem Abdul-Jabbar*,C,36,LAL,80,2622,21.3,0.608,0.001,0.318,7.8,16.8,12.7,11.5,1,2.9,13.5,25.1,,5.9,3.1,8.9,0.163,,2.8,0.2,3,3.3
2,Alvan Adams,C,29,PHO,70,1452,16.6,0.513,0.007,0.275,9.5,16.3,12.9,20.3,2.4,1.2,15.2,21.7,,1.5,1.8,3.3,0.109,,0.7,0.9,1.6,1.3
3,Mark Aguirre,SF,24,DAL,79,2900,23.5,0.572,0.032,0.352,6.4,12.3,9.4,21,1.3,0.4,12.3,33.4,,7,2,9,0.149,,5,-1.2,3.7,4.1
4,Danny Ainge,SG,24,BOS,71,1154,10.4,0.498,0.061,0.155,3,8.3,5.7,18.4,1.7,0.2,15.4,16.2,,0.5,1.3,1.8,0.076,,-2.2,0.4,-1.8,0
5,J.J. Anderson,SF,23,UTA,48,311,11.6,0.427,0.023,0.223,13.6,8,10.6,9.6,2.2,1.5,12.3,20.8,,-0.2,0.3,0.1,0.013,,-2.1,-1,-3.1,-0.1
6,Richard Anderson,PF,23,DEN,78,1380,14.6,0.471,0.03,0.235,10.1,21.1,15.5,17.6,1.4,1.1,13.4,22.2,,0.3,1,1.3,0.044,,-0.9,-0.9,-1.9,0
7,Tiny Archibald*,PG,35,MIL,46,1038,10.6,0.526,0.065,0.362,1.8,6.3,4.2,21.1,1.6,0,19.4,16.3,,0.3,1.1,1.4,0.065,,-1.7,-0.3,-2,0
8,Ken Austin,SF,22,DET,7,28,5.6,0.462,0,0,7.3,4,5.7,4.8,1.7,2,18.8,22,,0,0,0,-0.046,,-4.7,-0.2,-4.9,0
9,John Bagley,PG,23,CLE,76,1712,12.8,0.485,0.028,0.326,3.1,7.4,5.2,27.9,2.2,0.1,19.7,21,,-0.4,1.3,0.9,0.025,,-0.9,-0.9,-1.8,0.1
10,James Bailey,PF,26,HOU,73,1174,15.5,0.537,0.002,0.371,9.6,17.4,13.5,9.3,1.3,1.9,14.4,23.6,,1,1.3,2.3,0.093,,-1.1,-0.2,-1.3,0.2
11,Thurl Bailey,PF,22,UTA,81,2009,12.9,0.539,0,0.198,6.4,17.3,12.1,8.4,0.9,3.1,14.1,14.8,,1.3,2.3,3.6,0.086,,-1.2,0.7,-0.5,0.8
12,Greg Ballard,SF,29,WSB,82,2701,15.3,0.515,0.014,0.196,6.1,15,10.5,16.5,1.7,0.7,11,20.5,,2.4,3.2,5.6,0.099,,0.6,0.5,1.1,2.1
13,Gene Banks,PF,24,SAS,80,2600,15.4,0.606,0.008,0.361,8.5,15.2,11.9,12,1.8,0.5,16.1,15.4,,4.5,1.7,6.2,0.115,,1.1,0,1.2,2.1
14,Dave Batton,C,27,SAS,4,31,6.4,0.5,0,0,3.5,10.1,6.9,11.8,0,5,28.6,17.5,,-0.1,0,0,-0.068,,-4.4,0.2,-4.2,0
15,Kent Benson,C,29,DET,82,1734,14,0.584,0.002,0.224,6.9,18.6,12.6,9.2,1.9,1.7,13.8,12.8,,2.5,2.2,4.7,0.131,,-0.1,1.6,1.5,1.5
16,Larry Bird*,PF,27,BOS,79,3028,24.2,0.552,0.047,0.273,7,22.3,14.9,26.2,2.3,1.3,12.1,26.7,,7.9,5.6,13.6,0.215,,5.6,2,7.6,7.3
17,Otis Birdsong,SG,28,NJN,69,2168,16.8,0.53,0.017,0.278,3.8,5.1,4.5,19.1,1.8,0.5,11.7,26.7,,2.4,2.1,4.5,0.1,,1.3,-0.7,0.6,1.4
18,Rolando Blackman,SG,24,DAL,81,3025,19.8,0.596,0.008,0.347,4.8,9.5,7.2,14.2,0.9,0.7,10,23.3,,8.3,1.5,9.8,0.155,,3.6,-1.2,2.4,3.3
19,Tom Boswell,PF,30,UTA,38,261,10.2,0.596,0.019,0.404,11.9,13.7,12.9,7.6,1.6,0,17.5,11.3,,0.4,0.3,0.6,0.115,,-3,-0.1,-3.1,-0.1
20,Charles Bradley,SG,24,SEA,8,39,0.5,0.546,0,1,0,8.7,4.4,16.1,0,1.4,44.2,19.3,,-0.1,0,-0.1,-0.152,,-5.2,-0.5,-5.6,-0.1
21,Mike Bratz,PG,28,GSW,82,1428,12.9,0.483,0.098,0.263,2.9,8.4,5.5,23.9,2.7,0.2,15.8,18.8,,0.6,1.3,1.9,0.063,,-1.5,0.3,-1.2,0.3
22,Randy Breuer,C,23,MIL,57,472,9.2,0.426,0,0.26,12,14.1,13.1,5,1.2,4.7,15.1,20.8,,-0.5,0.8,0.3,0.029,,-6.1,0.5,-5.6,-0.4
23,Ron Brewer,SG,28,TOT,53,992,9.6,0.477,0.035,0.166,2.4,4.4,3.4,6.5,1.1,1.1,8.5,18.5,,0.1,0.2,0.3,0.016,,-2.4,-1.5,-3.8,-0.5
23,Ron Brewer,SG,28,GSW,13,210,8.6,0.496,0.017,0.293,2.4,4.5,3.4,3.8,1.3,1.3,9.7,13.4,,0.1,0.1,0.2,0.038,,-2.2,-0.3,-2.5,0
23,Ron Brewer,SG,28,SAS,40,782,9.9,0.474,0.038,0.145,2.4,4.4,3.4,7.2,1,1.1,8.3,19.8,,0.1,0.1,0.2,0.011,,-2.4,-1.8,-4.2,-0.4
24,Junior Bridgeman,SF,30,MIL,81,2431,14.3,0.508,0.028,0.222,3.9,11.3,7.8,16.7,1.1,0.3,11,23.4,,2.1,3,5.1,0.1,,-0.2,-0.6,-0.8,0.7
25,Michael Brooks,SF,25,SDC,47,1405,14,0.518,0.011,0.339,11.5,16.1,13.8,8.1,1.7,0.5,13.2,16.7,,1.6,0.8,2.4,0.081,,0.4,-0.7,-0.3,0.6
26,Fred Brown,SG,35,SEA,71,1129,17.1,0.553,0.067,0.17,1.4,4.8,3.1,26.6,2.1,0.1,11.4,22.6,,1.8,0.8,2.6,0.111,,1.1,-0.4,0.7,0.8
27,Rickey Brown,C,25,ATL,68,785,9,0.514,0,0.323,9.6,16.8,13.2,5.3,1.2,1.7,18.8,15.5,,0,0.9,0.9,0.056,,-4.4,0,-4.4,-0.5
28,Wallace Bryant,C,24,CHI,29,317,9.6,0.4,0,0.248,13.2,15.8,14.5,6.2,1.4,2,9.8,21.4,,-0.4,0.4,0,-0.001,,-4.1,-1.2,-5.4,-0.3
29,Quinn Buckner,PG,29,BOS,79,1249,9.4,0.456,0.019,0.229,3.9,8.4,6.2,21.5,3.2,0.1,22,15,,-0.6,1.9,1.3,0.052,,-3.7,1.9,-1.8,0.1
30,Don Buse,PG,33,KCK,76,1327,13.4,0.492,0.168,0.227,2.4,7.6,5,29.4,3,0,18.3,14.4,,0.8,1.4,2.2,0.08,,0,1,1,1
31,Kenny Carr,PF,28,POR,82,2455,17.3,0.592,0.005,0.398,9.8,21.5,15.5,9.1,1.3,0.8,15.7,21.1,,4.1,2.6,6.7,0.131,,1.1,-0.7,0.3,1.5
32,M.L. Carr,SF,33,BOS,60,585,7.8,0.481,0.088,0.281,5.2,9.2,7.3,10.7,1.4,0.4,19.3,16.7,,-0.2,0.6,0.4,0.034,,-3.3,-0.3,-3.6,-0.2
33,Joe Barry Carroll,C,25,GSW,80,2962,16.8,0.519,0.001,0.312,8.1,15.9,11.7,10.1,1.6,2.7,14.5,24.3,,1.6,3.1,4.7,0.077,,0.3,-0.1,0.2,1.6
34,Butch Carter,SG,25,IND,73,2045,13.5,0.52,0.053,0.206,3.8,4.5,4.1,15,2.9,0.4,13,21.8,,0.4,2.2,2.6,0.061,,-1.5,0.3,-1.2,0.4
35,Howard Carter,SG,22,DEN,55,688,12,0.499,0.06,0.193,5.7,7.5,6.6,13.2,1.2,0.3,10.9,21.1,,0.3,0.1,0.4,0.028,,-1.6,-2.3,-3.9,-0.3
36,Bill Cartwright,C,26,NYK,77,2487,18.5,0.637,0.001,0.621,9.6,22.1,15.9,6.4,0.9,2.4,16.3,20.6,,5.6,4.2,9.8,0.189,,1.5,0.5,2,2.5
37,Harvey Catchings,PF,32,MIL,69,1156,6.7,0.42,0.007,0.275,9.1,17.2,13.3,4.6,1.1,4.1,24.9,8.4,,-0.7,2.1,1.3,0.056,,-4.1,1.9,-2.1,0
38,Tom Chambers,PF,24,SEA,82,2570,16.6,0.563,0.011,0.423,9.7,13.8,11.8,7.9,0.9,1.1,12.7,24.4,,4,2.1,6.1,0.115,,0,-1.4,-1.3,0.4
39,Maurice Cheeks*,PG,27,PHI,75,2494,16.4,0.591,0.028,0.33,2.1,7.1,4.7,27.7,3.3,0.5,18.5,16.3,,3.9,3.4,7.3,0.141,,0.7,1.6,2.3,2.7
40,Carlos Clark,SG,23,BOS,31,127,12.1,0.451,0.038,0.346,6.5,8.6,7.6,17.7,3,0.4,16.7,23.3,,-0.1,0.2,0.1,0.048,,-3.2,0.3,-2.9,0
41,Don Collins,SG,25,GSW,61,957,12.4,0.516,0.013,0.23,6.6,8.2,7.3,10.1,2.1,0.8,15.8,20.6,,0.2,0.7,0.9,0.047,,-1.7,-0.4,-2.1,0
42,Leroy Combs,SF,23,IND,48,446,13.5,0.537,0.018,0.558,4.7,9.1,6.9,12.4,2.4,2.3,18.5,23,,-0.2,0.6,0.4,0.041,,-1.3,0.5,-0.8,0.1
43,Lester Conner,SG,24,GSW,82,2573,15.1,0.537,0.008,0.355,5.2,7.9,6.5,20.9,2.9,0.3,14.5,14.9,,3.6,2.3,5.9,0.11,,0.4,1.2,1.6,2.3
44,Darwin Cook,PG,25,NJN,82,1870,14.5,0.481,0.067,0.183,3.1,6.5,4.8,25.4,4.1,1.1,16.1,18.8,,0.6,3,3.6,0.092,,-0.4,2.5,2.1,1.9
45,Jeff Cook,C,27,CLE,81,1950,11.2,0.53,0.005,0.336,9.8,18.7,14.1,8.4,1.7,1.4,17,11.4,,1.4,2.2,3.7,0.09,,-1.9,1,-0.9,0.6
46,Michael Cooper,SG,27,LAL,82,2387,14.1,0.586,0.22,0.337,2.7,9.2,6.2,23.5,2.2,1.5,19,13.1,,3.9,2.6,6.5,0.13,,0.8,1.7,2.5,2.7
47,Wayne Cooper,C,27,POR,81,1662,15.8,0.519,0.011,0.347,12.2,22,17,6.2,0.7,3.8,12.6,21.2,,2,2,4.1,0.118,,-1,-0.6,-1.6,0.2
48,Dave Corzine,C,27,CHI,82,2674,13.5,0.531,0.011,0.334,7.2,17.7,12.4,11.1,1,2.6,15.6,17.3,,1.6,3.1,4.7,0.084,,-0.6,0.7,0.1,1.4
49,Charlie Criss,PG,35,TOT,15,215,10.8,0.449,0.115,0.308,2.7,7.9,5.3,23.8,1.9,0,14.5,13.7,,0.1,0.2,0.3,0.068,,-2.2,0.2,-2.1,0.1
49,Charlie Criss,PG,35,MIL,6,107,10.6,0.431,0.2,0.367,2.2,7.2,4.8,20.9,2.3,0,10.3,15.3,,0,0.1,0.2,0.077,,-2.4,0.5,-2,0
49,Charlie Criss,PG,35,ATL,9,108,11,0.475,0,0.227,3.1,8.6,5.8,26.6,1.4,0,19.9,12.1,,0,0.1,0.1,0.058,,-2,-0.1,-2.1,0
50,Geoff Crompton,C,28,CLE,7,23,0.9,0.235,0,0.75,28.6,15.4,22.2,5.4,2.1,2.6,27.3,26.5,,-0.2,0,-0.1,-0.254,,-5.3,-0.7,-6,-0.1
51,Russell Cross,C,22,GSW,45,354,15.3,0.546,0,0.813,10,15.6,12.6,8.8,1.6,1.1,11.1,18.8,,0.5,0.3,0.8,0.106,,-0.6,-0.2,-0.8,0.1
52,Pat Cummings,PF,27,DAL,80,2492,13.8,0.523,0.002,0.208,7,23.6,15.3,8.7,1.2,0.5,12.8,19.2,,1.6,2.7,4.2,0.081,,-1.4,-0.6,-2,0
53,Terry Cummings,PF,22,SDC,81,2907,19.8,0.538,0.002,0.354,12.6,17.6,15.1,7.2,1.5,1.1,11.2,26.6,,5.7,1.8,7.5,0.123,,2,-1.6,0.4,1.8
54,Earl Cureton,C,26,DET,73,907,8.6,0.475,0.006,0.333,9.7,24.5,16.8,4.6,1.2,1.9,21.3,10.9,,-0.2,1.2,1,0.051,,-3.4,0.4,-3.1,-0.2
55,Quintin Dailey,SG,23,CHI,82,2449,15.8,0.531,0.026,0.322,2.8,8.3,5.5,17.6,2.1,0.3,13.6,27.4,,1.5,2.2,3.7,0.072,,-0.2,-0.5,-0.6,0.8
56,Adrian Dantley*,SF,28,UTA,79,2984,24.6,0.652,0.003,0.658,6.7,9,7.9,16.2,0.9,0.1,12.4,28.2,,13,1.6,14.6,0.235,,5.8,-1.5,4.2,4.7
57,Brad Davis,PG,28,DAL,81,2665,14.4,0.593,0.058,0.366,1.8,6.3,4.1,27.1,1.7,0.3,18,14.4,,4.8,1.5,6.2,0.112,,0.3,-0.5,-0.2,1.2
58,Charles Davis,SF,25,WSB,46,467,13.4,0.491,0.041,0.179,8.5,17.2,12.9,10.4,1.5,1.2,13.3,24.8,,-0.2,0.6,0.3,0.034,,-2,-0.5,-2.5,-0.1
59,Johnny Davis,PG,28,ATL,75,2079,14.3,0.507,0.01,0.32,2.9,4.8,3.8,24.4,1.5,0.2,12.8,21.7,,1.9,1.4,3.3,0.075,,0.4,-1.3,-0.9,0.6
60,Walter Davis,SG,29,PHO,78,2546,18.5,0.559,0.068,0.212,1.7,7.6,4.6,25,2,0.3,13.3,25.9,,4.2,2,6.2,0.118,,1.9,-0.8,1,1.9
61,Darryl Dawkins,C,27,NJN,81,2417,17.6,0.641,0.006,0.543,7.4,18.4,12.8,7.2,1.2,3.3,17.9,21.2,,4.3,3.6,7.9,0.156,,0.2,1,1.3,2
62,Darren Daye,SF,23,WSB,75,1174,12.3,0.488,0.015,0.326,9,9.7,9.3,21.8,1.6,0.6,17.1,20.5,,0.2,1.1,1.3,0.053,,-1.1,0,-1.2,0.2
63,Kenny Dennard,PF,25,DEN,43,413,7.6,0.411,0.101,0.242,9.2,16.7,12.8,12,2.4,1,20.9,12.6,,-0.3,0.3,0.1,0.007,,-4.1,0.5,-3.7,-0.2
64,James Donaldson,C,26,SDC,82,2525,15.3,0.648,0,0.541,7.4,21.6,14.6,4.6,0.8,3,18.6,14.5,,3.9,1.9,5.8,0.11,,0.5,0.3,0.8,1.8
65,John Drew,SF,29,UTA,81,1797,20.5,0.552,0.021,0.485,9,10.6,9.9,12,2.2,0.1,12.9,32.9,,2.8,1.7,4.5,0.121,,1.3,-1.6,-0.3,0.8
66,Larry Drew,PG,25,KCK,73,2363,16.5,0.513,0.01,0.305,1.6,5.6,3.5,34.3,2.4,0.2,14.3,23.1,,2.6,2,4.6,0.093,,1.3,-0.5,0.8,1.7
67,Clyde Drexler*,SG,21,POR,82,1408,14.5,0.496,0.007,0.302,9.2,10.6,9.9,14.7,3.6,1.2,16.3,21.6,,0.5,1.9,2.4,0.083,,-0.9,1.3,0.4,0.8
68,Mike Dunleavy,PG,29,MIL,17,404,16.4,0.66,0.354,0.315,1.8,6,3.9,28,1.5,0.1,19.9,18.9,,1,0.4,1.4,0.167,,2.2,-0.3,1.9,0.4
69,T.R. Dunn,SG,28,DEN,80,2705,10.2,0.523,0.003,0.392,7.4,15.1,11.1,9.1,2.8,0.6,18.3,7.4,,2,2.1,4.1,0.073,,-0.8,1.2,0.4,1.6
70,Mark Eaton,C,27,UTA,82,2139,12.3,0.49,0.002,0.296,7.7,20.8,14.6,6.4,0.5,8.5,17.2,10.6,,0.2,3.5,3.7,0.084,,-2.7,3.7,1,1.6
71,Jerry Eaves,PG,24,UTA,80,1034,10.6,0.507,0.02,0.451,3.1,5.4,4.3,24.7,1.5,0.2,20.9,17.1,,0.1,0.6,0.7,0.032,,-2,-1.4,-3.4,-0.4
72,Keith Edmonson,SG,23,TOT,55,622,15.5,0.545,0,0.393,8,7.1,7.5,7.5,1.9,0.6,13.9,27.1,,0.5,0.2,0.7,0.058,,-0.9,-1.7,-2.6,-0.1
72,Keith Edmonson,SG,23,SAS,40,521,16.2,0.543,0,0.369,8.3,6,7.2,7.2,1.9,0.6,12.4,27,,0.6,0.2,0.8,0.073,,-0.3,-1.8,-2.1,0
72,Keith Edmonson,SG,23,DEN,15,101,12.2,0.552,0,0.532,6.1,12.8,9.4,9.1,1.7,0.5,21.6,27.6,,-0.1,0,0,-0.019,,-3.8,-1.1,-4.9,-0.1
73,Franklin Edwards,PG,24,PHI,60,654,7.9,0.417,0.005,0.217,2.1,7.9,5.1,19.1,2.3,0.4,16,18.2,,-0.6,0.8,0.1,0.009,,-4.7,0.2,-4.5,-0.4
74,James Edwards,C,28,PHO,72,1897,16.2,0.57,0.001,0.311,6.6,14.9,10.7,13.9,0.6,0.9,13.1,23.1,,3,1.4,4.4,0.112,,0.5,-1.1,-0.5,0.7
75,Craig Ehlo,SG,22,HOU,7,63,8.2,0.419,0,0.037,6.9,8.5,7.7,12.4,2.2,0,9.9,19,,0,0.1,0,0.018,,-4.2,0,-4.2,-0.1
76,Dale Ellis,SF,23,DAL,67,1059,15.1,0.503,0.059,0.245,11.6,15.8,13.7,7.6,1.9,0.5,12.5,24.6,,0.5,1,1.5,0.066,,-0.8,-1.6,-2.4,-0.1
77,Len Elmore,PF,31,NYK,65,832,6.1,0.446,0,0.242,9.1,15,12.1,4.6,1.7,2.2,20.9,11,,-0.5,1.4,0.9,0.053,,-4.5,1.5,-3,-0.2
78,Chris Engler,C,24,GSW,46,360,5.3,0.43,0,0.277,7.6,22.8,14.7,3.8,1.2,0.5,20.5,12.7,,-0.4,0.4,0,0,,-5.8,-0.5,-6.4,-0.4
79,Alex English*,SF,30,DEN,82,2870,22.2,0.57,0.004,0.249,7.7,9.3,8.5,20.9,1.3,1.7,10.5,27.9,,7.2,1,8.2,0.136,,4.7,-1.4,3.4,3.9
80,Julius Erving*,SF,33,PHI,77,2683,22.9,0.562,0.016,0.365,8.3,14.1,11.2,19.3,2.5,3,13,27.2,,5.6,4.5,10.1,0.18,,4.3,1.6,5.9,5.3
81,Mike Evans,PG,28,DEN,78,1687,10.4,0.506,0.158,0.232,1.4,7.4,4.3,20.1,1.6,0.1,15.8,16.5,,0.5,0.4,0.9,0.024,,-2.1,-1.5,-3.6,-0.7
82,Eric Fernsten,PF,30,NYK,32,402,9.6,0.62,0,0.654,8.8,17.2,13,3.5,1.9,1.2,22.1,8.9,,0.3,0.7,1,0.118,,-1.5,1.6,0.1,0.2
83,Sleepy Floyd,PG,23,GSW,77,2555,14.6,0.531,0.043,0.369,3.5,8.4,5.8,15.1,1.9,0.7,13.9,21.5,,2.7,1.8,4.4,0.084,,-0.1,-0.4,-0.5,1
84,Phil Ford,PG,27,HOU,81,2020,10.4,0.548,0.032,0.249,1.5,5.8,3.7,24.5,1.3,0.2,20.6,12.8,,1.7,1.1,2.9,0.068,,-2.1,-0.5,-2.6,-0.3
85,Rod Foster,PG,23,PHO,80,1424,11.9,0.512,0.145,0.267,3.2,6.7,4.9,16.2,1.8,0.4,14.3,21.8,,0.6,1,1.6,0.054,,-2.1,-0.9,-2.9,-0.3
86,World B. Free,SG,30,CLE,75,2375,18.8,0.512,0.049,0.358,4.1,6.3,5.2,16.3,2,0.2,8.6,31.3,,3.7,1.6,5.3,0.107,,2.3,-0.9,1.4,2
87,Bill Garnett,PF,23,DAL,80,1529,12.3,0.546,0.007,0.589,9.3,15.8,12.6,10.3,1.4,2.4,15.3,12.1,,1.9,1.5,3.5,0.109,,-1.1,1.2,0.1,0.8
88,Calvin Garrett,SF,27,LAL,41,478,10.2,0.556,0.039,0.257,6.1,10.4,8.4,8,1.2,0.2,16.7,17.1,,0.3,0.4,0.6,0.064,,-2.3,-1.1,-3.4,-0.2
89,John Garris,PF,24,CLE,33,267,18.5,0.56,0,0.333,14.4,18.5,16.4,5.7,1.5,1.3,8.6,20,,0.6,0.3,0.9,0.166,,0.5,-0.6,-0.1,0.2
90,George Gervin*,SG,31,SAS,76,2584,19.3,0.551,0.015,0.325,4.4,8.4,6.4,12.5,1.4,0.9,11.2,30.1,,4.6,0.9,5.5,0.102,,1.9,-1.8,0.1,1.3
91,Mike Gibson,PF,23,WSB,32,229,8.6,0.424,0,0.309,14.8,18.8,16.8,5.3,1.1,1.8,18.3,14.3,,-0.1,0.3,0.1,0.031,,-3.7,-0.5,-4.2,-0.1
92,Artis Gilmore*,C,34,SAS,64,2034,18.8,0.675,0.005,0.701,11.4,23.1,17.3,4.3,0.8,3.4,17,16.7,,4.8,1.9,6.7,0.159,,1.5,-0.1,1.4,1.7
93,Mike Glenn,SG,28,ATL,81,1503,15.5,0.582,0.004,0.126,1.3,6.7,4,18.8,1.5,0.2,9.7,18.6,,2.8,1.1,3.9,0.124,,0.6,0,0.6,1
94,Mike Gminski,C,24,NJN,82,1655,14.1,0.572,0.006,0.398,10.9,19.1,14.9,7.2,1,2.5,18.1,15.9,,1.7,2.3,4,0.116,,-0.2,0.3,0.1,0.9
95,Stewart Granger,PG,22,CLE,56,738,10.1,0.489,0.058,0.31,1.2,7.5,4.2,25.4,1.6,0,18.2,17.7,,0,0.5,0.5,0.032,,-3.1,-0.9,-4,-0.4
96,Rickey Green,PG,29,UTA,81,2768,18,0.532,0.019,0.259,2.3,6.2,4.4,35.9,3.6,0.2,14.6,16.9,,5,3,7.9,0.138,,1.8,1.2,3,3.5
97,Sidney Green,PF,23,CHI,49,667,9.2,0.487,0,0.338,9.8,20.3,15,5.5,1.3,1.5,18.6,20,,-0.6,0.8,0.3,0.02,,-5.2,-0.5,-5.7,-0.6
98,Dave Greenwood,PF,26,CHI,78,2718,13.5,0.54,0.001,0.384,8.9,24.6,16.6,7.4,1.2,1.5,14.5,15.7,,2.1,3.6,5.7,0.101,,-0.8,0.2,-0.6,0.9
99,Kevin Grevey,SG,30,MIL,64,923,13.1,0.516,0.134,0.213,3.8,6,5,12.1,1.4,0.3,9.4,21.8,,1,1,2,0.105,,-0.7,-0.5,-1.2,0.2
100,Darrell Griffith,SG,25,UTA,82,2650,16.1,0.539,0.177,0.152,4,9.1,6.7,16.5,2,0.4,13.8,26.4,,1.3,2.2,3.5,0.063,,0.4,-1.2,-0.7,0.9
101,Ernie Grunfeld,SG,28,NYK,76,1119,9.6,0.499,0.025,0.229,2.6,10.5,6.6,13.7,1.9,0.4,15.1,17.5,,0,1.6,1.6,0.069,,-2.9,0.9,-2.1,0
102,Bob Hansen,SG,23,UTA,55,419,7.6,0.47,0.055,0.193,3.5,8.3,6,13.9,1.6,0.5,18.2,18.3,,-0.4,0.3,-0.1,-0.008,,-4.9,-0.7,-5.6,-0.4
103,Bill Hanzlik,SF,26,DEN,80,1469,10.6,0.546,0.039,0.676,4.6,10.2,7.3,19,2,0.7,21.5,13,,1.2,0.7,1.9,0.062,,-2.3,0.2,-2.1,0
104,Derek Harper,PG,22,DAL,82,1712,10.5,0.475,0.058,0.217,3.6,8.1,5.8,17.7,2.7,0.7,18.3,14.7,,-0.3,1.5,1.3,0.035,,-2.3,1,-1.3,0.3
105,Scott Hastings,PF,23,ATL,68,1135,10.3,0.539,0.017,0.439,9.5,17.8,13.6,5.7,1.8,1.9,18.9,13.3,,0.5,1.6,2.1,0.09,,-3.3,1,-2.3,-0.1
106,Steve Hawes,PF,33,SEA,79,1153,9.5,0.534,0.017,0.329,4.9,16.7,10.8,11.1,1,0.8,16.1,11.6,,0.7,1.1,1.8,0.074,,-2.5,0.6,-1.9,0
107,Elvin Hayes*,PF,38,HOU,81,994,10.3,0.45,0.005,0.339,9.5,18.7,14.1,9.1,0.7,1.5,15.5,21,,-0.8,1,0.2,0.01,,-3.3,-1,-4.4,-0.6
108,Steve Hayes,C,28,SEA,43,253,8.9,0.507,0,0.28,8.6,19.2,13.9,6.7,1,4,18.8,11.4,,0,0.3,0.3,0.061,,-4.4,1.4,-3.1,-0.1
109,Gerald Henderson,PG,28,BOS,78,2088,14.7,0.57,0.079,0.247,3.8,4.1,4,19.8,2.7,0.4,16.8,18.8,,2.7,2.6,5.3,0.121,,0.2,0.9,1.1,1.6
110,Rod Higgins,SF,24,CHI,78,1577,10.1,0.499,0.051,0.361,6.2,8.8,7.5,10.4,1.5,1.1,13.2,15.1,,0.6,1.3,2,0.06,,-1.9,0.2,-1.7,0.1
111,Johnny High,PG,26,PHO,29,512,4.5,0.355,0.038,0.558,3.6,11.5,7.5,11.1,3.7,1.2,37,8.2,,-0.8,0.7,-0.1,-0.008,,-5.5,3.4,-2,0
112,Armond Hill,PG,30,ATL,15,181,6.5,0.407,0,0.457,1.2,5.1,3.2,26.3,1.9,0,20.2,16.5,,-0.2,0.1,0,-0.012,,-4.5,-0.4,-5,-0.2
113,Roy Hinson,SF,22,CLE,80,1858,10.4,0.517,0,0.315,10.3,20.5,15.3,5,0.8,4.6,20.5,11.9,,0.1,2.4,2.5,0.064,,-3.5,1.3,-2.2,-0.1
114,Craig Hodges,SG,23,SDC,76,1571,8.7,0.484,0.08,0.154,1.6,4.6,3.1,9.8,1.8,0,12.2,17.7,,0.2,0.3,0.5,0.015,,-3.7,-0.9,-4.5,-1
115,Lionel Hollins,PG,30,DET,32,216,10.5,0.429,0.032,0.206,1.9,9.2,5.4,34.1,2.8,0.3,25.9,16.5,,-0.2,0.2,0.1,0.013,,-2.7,0.1,-2.6,0
116,Phil Hubbard,SF,27,CLE,80,1799,15.9,0.568,0.002,0.476,10.5,13.6,12,7.2,1.9,0.2,13.1,20.3,,3,1.7,4.6,0.124,,0.2,-0.5,-0.2,0.8
117,Geoff Huston,PG,26,CLE,77,2041,13.3,0.527,0.016,0.22,1.7,3.7,2.7,29.9,0.9,0,15.9,18.6,,1.9,0.7,2.6,0.061,,0.4,-2.2,-1.8,0.1
118,Marc Iavaroni,PF,27,PHI,78,1532,8.1,0.52,0.006,0.407,6.9,15.8,11.5,8.3,1.1,2.1,24.6,13.6,,-0.6,2.1,1.4,0.045,,-3.8,0.7,-3.1,-0.4
119,Dan Issel*,C,35,DEN,76,2076,21.1,0.561,0.016,0.371,5.5,20.8,13,11.6,1.3,1.1,8.3,26.6,,4.8,1.3,6.1,0.141,,2.6,-1.4,1.2,1.7
120,Tracy Jackson,SG,24,IND,2,10,7.7,0.521,0,1,11.1,0,5.5,0,0,0,14.8,27.9,,0,0,0,0.057,,-4.6,-0.3,-4.9,0
121,Clay Johnson,SG,27,SEA,25,176,6.8,0.461,0.02,0.44,3.9,3.9,3.9,10.5,2.2,0.6,16.7,16.9,,-0.1,0.1,0,-0.002,,-4.5,0,-4.5,-0.1
122,Clemon Johnson,C,27,PHI,80,1721,9.1,0.493,0,0.274,8.9,17.1,13.1,4.3,1,2.2,17.1,13.4,,-0.2,2.3,2.2,0.06,,-3,0,-3,-0.4
123,Dennis Johnson*,SG,29,BOS,80,2665,12.8,0.515,0.036,0.376,3.8,7.9,6,16.6,1.7,1.2,14.4,18.4,,2.5,3.2,5.7,0.102,,-0.5,0.6,0.1,1.4
124,Eddie Johnson,SG,28,ATL,67,1893,14.2,0.497,0.054,0.267,1.8,7,4.4,31.5,1.5,0.2,16.2,24.3,,0.3,1.4,1.7,0.044,,0.3,-1.7,-1.4,0.3
125,Eddie Johnson,SF,24,KCK,82,2920,16.6,0.528,0.041,0.213,6.3,11.5,8.9,16,1.2,0.4,11.1,26.3,,3.4,2.2,5.6,0.093,,1.3,-1.3,0,1.5
126,Frank Johnson,PG,25,WSB,82,2686,13.6,0.516,0.051,0.3,2.5,5.5,4,30.4,1.8,0.1,16.7,18.2,,2.1,2.2,4.3,0.076,,0,-0.6,-0.6,1
127,George Johnson,SF,27,IND,81,2073,15.3,0.527,0.053,0.305,7.4,17.1,12.3,14,1.9,1.3,15.6,23.7,,0.5,2.7,3.2,0.075,,-0.7,0,-0.7,0.7
128,Magic Johnson*,PG,24,LAL,67,2567,22.6,0.628,0.037,0.459,4.7,16.1,10.8,42.5,2.7,1,24.6,19.5,,6.7,3.6,10.2,0.191,,4.8,1.8,6.6,5.6
129,Marques Johnson,SF,27,MIL,74,2715,19.4,0.534,0.01,0.264,7.5,12.4,10,18.6,2.1,1,11.1,25.2,,4.4,4.2,8.6,0.152,,2.9,0.7,3.6,3.8
130,Mickey Johnson,PF,31,GSW,78,2122,15.3,0.51,0.034,0.507,9.5,17.7,13.3,14.4,2.2,0.8,17.2,23.1,,1.1,2.4,3.5,0.079,,-0.6,0,-0.6,0.7
131,Reggie Johnson,PF,26,NJN,72,818,11.3,0.555,0.004,0.492,7.3,12.1,9.6,6.5,1.4,1.3,15.9,18,,0.7,1,1.6,0.094,,-2.3,0,-2.4,-0.1
132,Steve Johnson,C,26,TOT,81,1487,14.8,0.577,0,0.531,12.3,20,16.1,8.1,1.2,2.6,19.8,22.7,,0.5,1.9,2.4,0.079,,-2.6,0.1,-2.5,-0.2
132,Steve Johnson,C,26,KCK,50,893,15.2,0.57,0,0.518,11.8,20.6,16.1,10.4,1.1,3,20,23.6,,0.2,1.2,1.4,0.075,,-2.6,0.5,-2,0
132,Steve Johnson,C,26,CHI,31,594,14.2,0.588,0,0.556,13,19.2,16.1,4.8,1.2,2,19.3,21.3,,0.3,0.7,1,0.084,,-2.7,-0.5,-3.2,-0.2
133,Vinnie Johnson,SG,27,DET,82,1909,15.9,0.52,0.021,0.305,7,6.2,6.6,19.4,1.1,0.6,11.7,23.3,,3.1,1,4.1,0.103,,1.6,-1.4,0.3,1.1
134,Bobby Jones*,PF,32,PHI,75,1761,16.7,0.589,0.002,0.493,6.1,14.5,10.4,14.8,2.9,3.4,16.1,14.7,,2.8,3.2,6,0.163,,1.2,3.4,4.6,2.9
135,Caldwell Jones,C,33,HOU,81,2506,10.9,0.557,0.005,0.31,7.2,17.7,12.5,7.6,0.8,1.7,18,13.8,,1.6,2.5,4.1,0.078,,-2,0.4,-1.7,0.2
136,Charles Jones,PF,26,PHI,1,3,-19.5,0.181,0,4,0,0,0,0,0,0,0,38,,0,0,0,-0.552,,-5,-0.2,-5.2,0
137,Edgar Jones,PF,27,SAS,81,1770,14.9,0.55,0.03,0.376,8.8,18.1,13.5,6,1.6,3.1,14.3,19.2,,1.7,1.7,3.4,0.093,,-1.4,0.4,-1.1,0.4
138,Hutch Jones,SF,24,SDC,4,18,-8.4,0.105,0,1.333,0,0,0,0,2.6,0,29.6,15,,-0.1,0,-0.1,-0.321,,-5.1,-0.4,-5.5,-0.1
139,Major Jones,PF,30,HOU,57,473,12.4,0.561,0,0.377,7.5,18.6,13.1,7.4,1.4,1.6,16.5,15.1,,0.3,0.5,0.9,0.088,,-1.5,0.6,-0.9,0.1
140,Mark Jones,PG,22,NJN,6,16,14.7,0.509,0.167,0.333,14,0,7.1,43.1,0,0,22.5,22.1,,0,0,0,0.07,,-3.8,-0.3,-4,0
141,Eddie Jordan,PG,29,TOT,16,210,7.3,0.387,0.061,0.245,1.6,7.8,4.7,24.8,5.6,0,32.4,15.4,,-0.5,0.4,-0.1,-0.024,,-4.6,2,-2.6,0
141,Eddie Jordan,PG,29,POR,13,183,7.6,0.363,0.073,0.244,1.9,6.7,4.2,25.2,5.4,0,28.4,14,,-0.3,0.3,0,-0.002,,-4.5,2.2,-2.3,0
141,Eddie Jordan,PG,29,LAL,3,27,4.9,0.507,0,0.25,0,15.6,8.4,22.4,6.9,0,47.4,25.2,,-0.2,0.1,-0.1,-0.172,,-5.1,0.5,-4.6,0
142,Rich Kelley,C,30,UTA,75,1674,9.7,0.579,0,0.614,9.3,20.8,15.4,11.3,1.5,0.9,30.6,11.5,,0.3,2.2,2.4,0.07,,-3.2,0.9,-2.2,-0.1
143,Clark Kellogg,PF,22,IND,79,2676,19.1,0.561,0.018,0.285,9.5,20.1,14.8,13.7,2.1,0.6,14,24.1,,3.2,3.8,7,0.125,,1.7,-0.1,1.6,2.5
144,Greg Kelser,SF,26,SDC,80,1783,14.6,0.578,0.01,0.59,12,12.9,12.4,6.8,1.8,1,20.4,21.3,,1.6,1,2.5,0.068,,-0.5,-1,-1.5,0.2
145,Albert King,SF,24,NJN,79,2103,15.6,0.541,0.023,0.312,6.7,14.5,10.5,14,2,0.9,16.2,24.3,,1.5,2.8,4.3,0.099,,0.1,0.1,0.2,1.2
146,Bernard King*,SF,27,NYK,77,2667,22.7,0.619,0.003,0.403,5.6,12.3,9,11.1,1.4,0.4,10.7,28.7,,8.6,3.5,12.1,0.218,,4.6,-0.2,4.5,4.3
147,Reggie King,SF,26,SEA,77,2086,11.7,0.559,0.004,0.46,7.3,18.2,12.8,11.2,1.2,0.6,19.1,13.3,,1.3,2.1,3.4,0.079,,-1,0.3,-0.6,0.7
148,Greg Kite,C,22,BOS,35,197,6.8,0.445,0,0.242,16.2,19.5,17.9,4.7,0.2,1.4,21.5,19.4,,-0.3,0.3,0,-0.008,,-5.6,-1.4,-6.9,-0.3
149,Billy Knight,SF,31,KCK,75,1885,14.3,0.564,0.019,0.388,5.3,10.2,7.7,12.1,1.3,0.2,15.4,21.5,,2,1.4,3.4,0.086,,0.2,-1,-0.8,0.6
150,Joe Kopicki,PF,23,WSB,59,678,13.4,0.607,0.053,0.848,11,17.5,14.3,9.1,1.1,0.4,17.7,13.9,,1.2,0.7,1.9,0.136,,-0.2,0,-0.1,0.3
151,Bruce Kuczenski,PF,22,TOT,15,119,-0.5,0.331,0,0.324,6.6,15.1,10.9,8.6,0.4,0.5,26.2,19.7,,-0.5,0.1,-0.4,-0.152,,-5.3,-0.7,-6,-0.3
151,Bruce Kuczenski,PF,22,NJN,7,28,9.4,0.376,0,0.5,12,20.7,16.3,18.6,0,0,12,23.6,,0,0,0,-0.012,,-4,-0.4,-4.4,0
151,Bruce Kuczenski,PF,22,PHI,3,40,-5.6,0.169,0,0.25,2.9,13.8,8.5,6.1,1.2,1.4,36,14.3,,-0.2,0,-0.2,-0.2,,-5.6,-0.3,-5.9,-0.1
151,Bruce Kuczenski,PF,22,IND,5,51,-2,0.373,0,0.235,6.5,13,9.8,5.1,0,0,29.9,21.7,,-0.2,0,-0.2,-0.192,,-5.8,-1.1,-6.9,-0.2
152,Mitch Kupchak,PF,29,LAL,34,324,7,0.423,0.009,0.315,13.2,16.9,15.2,2.5,0.6,1,15.2,18,,-0.3,0.3,0,0.003,,-4.9,-2.5,-7.4,-0.5
153,Bill Laimbeer,C,26,DET,82,2864,19.2,0.59,0.011,0.35,11.8,26,18.6,6.8,0.8,1.6,11.1,18.2,,7.3,3.5,10.8,0.181,,2.5,-0.7,1.8,2.7
154,Jeff Lamp,SF,24,POR,64,660,12.7,0.547,0.05,0.257,4,7.4,5.7,10.7,1.6,0.4,15.2,20.9,,0.6,0.5,1,0.074,,-1.1,-1.1,-2.2,0
155,Mark Landsberger,PF,28,ATL,35,335,8.1,0.424,0,0.51,14.1,26.7,20.3,3.9,0.9,0.5,25.2,10.8,,-0.2,0.5,0.3,0.036,,-2.7,-1.1,-3.8,-0.2
156,Bob Lanier*,C,35,MIL,72,2007,17.7,0.607,0.004,0.4,8.3,17.1,12.9,13.9,1.4,1.5,16.8,20.4,,3.4,3.3,6.7,0.16,,1.6,1.1,2.6,2.3
157,Allen Leavell,PG,26,HOU,82,2009,15.9,0.553,0.097,0.391,1.7,4.6,3.1,29.7,2.4,0.3,17.7,20.4,,2.8,1.6,4.3,0.104,,0.8,-0.2,0.6,1.3
158,Ronnie Lester,PG,25,CHI,43,687,12.5,0.513,0.027,0.463,3.3,4.4,3.8,34.3,2.1,0.5,24.1,18,,0.2,0.5,0.7,0.048,,-0.4,-0.8,-1.2,0.1
159,Fat Lever,PG,23,POR,81,2010,15.8,0.495,0.021,0.305,5.5,7.4,6.4,24.3,3.2,0.9,13.6,18.4,,2.5,2.2,4.8,0.114,,1.1,1.2,2.3,2.2
160,Cliff Levingston,PF,23,DET,80,1746,14.8,0.563,0.007,0.427,13.7,19.7,16.6,7.6,1.2,2.5,12.9,13.1,,3.2,2.1,5.3,0.144,,0.1,0.3,0.4,1.1
161,Steve Lingenfelter,PF,25,SAS,3,14,2.7,0.532,0,2,23.2,7.5,15.2,7.9,0,0,34.7,8,,0,0,0,0.007,,-4.6,-0.2,-4.8,0
162,Alton Lister,PF,25,MIL,82,1955,12.5,0.529,0,0.355,9.4,25,17.5,7.7,1,4.2,20.5,16.1,,-0.1,4.1,4,0.098,,-3,2,-0.9,0.5
163,Lewis Lloyd,SG,24,HOU,82,2578,16.3,0.555,0.011,0.252,5.4,7,6.2,17.6,1.8,0.9,15.7,23.8,,2.6,2,4.6,0.085,,1.1,-0.4,0.7,1.8
164,Darrell Lockhart,C,23,SAS,2,14,1.6,1,0,0,0,22.4,11.4,0,0,0,50,11.1,,0,0,0,-0.048,,-4.8,0,-4.9,0
165,Kevin Loder,SF,24,TOT,11,137,9.5,0.493,0.07,0.302,5.7,9.3,7.5,13.7,1,2.1,18.4,17.5,,0,0.1,0.1,0.023,,-2.5,0,-2.5,0
165,Kevin Loder,SF,24,KCK,10,133,9.9,0.493,0.07,0.302,5.9,9.6,7.7,14.1,1.1,2.1,18.4,18,,0,0.1,0.1,0.024,,-2.4,0,-2.4,0
165,Kevin Loder,SF,24,SDC,1,4,-3.9,,,,0,0,0,0,0,0,,0,,0,0,0,-0.018,,-4.7,0,-4.7,0
166,John Long,SG,27,DET,82,2514,14.9,0.523,0.004,0.238,5.7,6.6,6.1,11.1,1.7,0.4,10.1,21.7,,3.6,1.7,5.3,0.102,,0.4,-0.8,-0.4,1
167,Sidney Lowe,PG,24,IND,78,1238,12.2,0.506,0.069,0.537,2.7,8.2,5.4,27.7,3.5,0.2,24.9,14.2,,0.1,1.6,1.7,0.066,,-2,1.4,-0.6,0.4
168,John Lucas,PG,30,SAS,63,1807,18.1,0.519,0.116,0.264,1.4,9.1,5.3,45.1,2.3,0.1,18.1,17.4,,3.4,0.9,4.3,0.114,,3.2,-0.7,2.5,2
169,Maurice Lucas,PF,31,PHO,75,2309,18.1,0.555,0.006,0.422,10.5,26.3,18.4,12,1.1,1,14.1,22.3,,3.6,2.8,6.4,0.134,,1.1,-0.5,0.6,1.5
170,Rudy Macklin,SF,25,NYK,8,65,9,0.49,0,0.433,9.4,11.2,10.3,6.9,0.7,0,14.4,26.7,,0,0.1,0.1,0.053,,-4.5,-0.6,-5.1,-0.1
171,Kyle Macy,PG,26,PHO,82,2402,13.2,0.545,0.098,0.16,2.4,6.7,4.5,18.8,2.4,0.1,13.2,15,,2.9,2,5,0.099,,-0.5,0.6,0.1,1.3
172,Rick Mahorn,PF,25,WSB,82,2701,11.3,0.536,0,0.317,7.3,24.5,15.9,6.7,1.1,2.6,17.1,13.1,,0.7,4.1,4.8,0.085,,-2.5,1.4,-1.1,0.6
173,Jeff Malone,SG,22,WSB,81,1976,11.3,0.494,0.081,0.187,3.4,5.8,4.6,12.1,0.6,0.4,10,23.8,,0.2,1.1,1.3,0.032,,-1.5,-2,-3.5,-0.8
174,Moses Malone*,C,28,PHI,71,2613,21.8,0.566,0.004,0.66,15.7,25.3,20.6,5.7,1.3,2.4,15,26.4,,5,4.6,9.5,0.175,,2,-1.2,0.8,1.8
175,Pace Mannion,SF,23,GSW,57,469,8.5,0.444,0.103,0.183,5,9,6.8,12.8,2.5,0.2,14.5,13.2,,0,0.4,0.4,0.04,,-3.4,0.9,-2.6,-0.1
176,Wes Matthews,PG,24,TOT,20,388,12.3,0.511,0.061,0.275,2.1,5.7,4,31.4,2,0.5,21.4,20.1,,0,0.4,0.4,0.052,,-2.1,-0.6,-2.7,0
176,Wes Matthews,PG,24,ATL,6,96,19.1,0.63,0.033,0.733,1.2,3.6,2.4,33.8,2.6,0.6,20.1,22.3,,0.2,0.1,0.3,0.163,,-0.7,0.3,-0.3,0.1
176,Wes Matthews,PG,24,PHI,14,292,10,0.467,0.069,0.139,2.4,6.4,4.5,30.6,1.8,0.4,21.9,19.4,,-0.2,0.3,0.1,0.016,,-2.6,-0.9,-3.5,-0.1
177,Cedric Maxwell,SF,28,BOS,80,2502,13.5,0.61,0.01,0.713,9.5,11.4,10.5,10.5,1.2,0.5,20.6,16.2,,3.6,2.9,6.4,0.124,,0.6,-0.2,0.4,1.5
178,Bob McAdoo*,C,32,LAL,70,1456,15.9,0.53,0.007,0.353,6.9,15,11.2,6.9,1.3,1.8,12.8,27.4,,1.1,1.6,2.7,0.089,,-1.7,-1.2,-2.8,-0.3
179,Rodney McCray,SF,22,HOU,79,2081,14.4,0.546,0.006,0.371,9,14.3,11.6,10.8,1.2,1.4,13.3,17.1,,2.7,1.9,4.6,0.106,,0.4,0,0.4,1.3
180,Scooter McCray,PF,23,SEA,47,520,8.7,0.451,0,0.413,9.9,15.2,12.6,10.8,1,2,19.2,14.1,,-0.2,0.5,0.3,0.032,,-3.5,0.4,-3.1,-0.1
181,Hank McDowell,PF,24,SDC,57,611,9.6,0.469,0.015,0.284,11.7,17,14.4,7.7,1.1,0.2,18.1,17.6,,-0.1,0.3,0.1,0.009,,-2.7,-1.7,-4.4,-0.4
182,Mike McGee,SF,24,LAL,77,1425,14.7,0.597,0.021,0.193,10,5.6,7.7,7.8,1.6,0.2,14.9,21,,1.8,1,2.8,0.095,,0,-1.4,-1.4,0.2
183,Kevin McHale*,PF,26,BOS,82,2577,20,0.605,0.003,0.416,9.5,17.1,13.4,6,0.4,2.7,10.7,22.3,,7,3.5,10.5,0.196,,2.5,-0.2,2.3,2.8
184,Kevin McKenna,SG,25,IND,61,923,10.8,0.467,0.046,0.264,3.6,7.8,5.7,17.5,2.3,0.3,13,21.3,,-0.3,1,0.6,0.031,,-3.4,-0.1,-3.5,-0.4
185,Billy McKinney,PG,28,SDC,80,843,11.7,0.478,0.007,0.151,0.9,6.3,3.6,25.1,1.5,0,12.9,17.6,,0.7,0.1,0.9,0.049,,-1.5,-1.3,-2.8,-0.2
186,Tom McMillen,C,31,WSB,62,1294,12.3,0.555,0.013,0.349,5.8,12.1,9,8.4,0.5,0.8,12,19.3,,1.4,1,2.4,0.09,,-1.4,-0.8,-2.2,-0.1
187,Mark McNamara,C,24,SAS,70,1037,11.9,0.602,0,0.621,14.3,18.2,16.3,3.6,0.6,0.6,21.7,15.4,,0.7,0.5,1.2,0.057,,-1.5,-2.2,-3.6,-0.4
188,Joe Meriweather,C,30,KCK,73,1501,10.9,0.575,0,0.339,8.3,18.7,13.4,4.5,1.1,2.3,16.6,13.4,,1.2,1.7,2.9,0.092,,-2.7,0.5,-2.3,-0.1
189,Larry Micheaux,PF,23,KCK,39,332,16.1,0.555,0,0.433,13.5,25.6,19.4,7.7,3,1.9,16.4,15.5,,0.3,0.6,0.9,0.13,,-0.6,1.3,0.7,0.3
190,Bob Miller,PF,27,SAS,2,8,25,0.667,0,0,27.1,39.2,33.3,17.2,0,6.5,0,14.5,,0,0,0.1,0.36,,-4.3,0.3,-4,0
191,Mike Mitchell,SF,28,SAS,79,2853,17.1,0.525,0.009,0.221,7.1,14,10.6,4.6,1,1.3,7.4,25.7,,4.1,1.4,5.5,0.092,,0.5,-2.2,-1.7,0.2
192,Paul Mokeski,C,27,MIL,68,838,8.9,0.521,0.014,0.338,7.2,15,11.3,7.1,0.7,2,15.2,14.6,,0.4,1.2,1.6,0.09,,-3.9,0.7,-3.1,-0.2
193,Sidney Moncrief*,SG,26,MIL,79,3075,19.8,0.591,0.016,0.555,8.3,11.1,9.8,17.1,1.7,0.5,13.4,22.2,,8.4,4.2,12.7,0.198,,3.7,0.4,4.1,4.7
194,Johnny Moore,PG,25,SAS,59,1650,17.5,0.514,0.168,0.268,2.4,8.9,5.7,40.9,3.4,0.6,19.8,17,,2.4,1.4,3.8,0.11,,2.3,0.8,3.1,2.1
195,Larry Nance,PF,24,PHO,82,2899,19.4,0.605,0.007,0.337,9.1,18.3,13.7,10.2,1.4,3.5,12.9,19.5,,6.2,3.7,9.8,0.163,,2.2,0.9,3.1,3.8
196,Swen Nater,C,34,LAL,69,829,10.8,0.531,0.004,0.36,11.9,23.3,18,3.9,1.4,0.5,18.8,17.5,,0.1,1.1,1.2,0.071,,-3.8,-1.1,-4.9,-0.6
197,Calvin Natt,SF,27,POR,79,2638,16.9,0.633,0.02,0.403,7.3,14.3,10.7,9.3,1.2,0.5,14.1,17.9,,6.3,2.1,8.4,0.154,,2.2,-0.7,1.5,2.3
198,Ed Nealy,PF,23,KCK,71,960,9.2,0.571,0,0.476,8.5,18,13.2,6.3,2,0.5,17.8,7.8,,0.9,1.1,2,0.101,,-2.1,1.4,-0.7,0.3
199,Kurt Nimphius,C,25,DAL,82,2284,13,0.544,0.008,0.31,9.3,16.8,13,9.8,0.9,3.6,14.2,12.6,,2.5,2.3,4.8,0.101,,-0.9,1.2,0.3,1.3
200,Norm Nixon,PG,28,SDC,82,3053,16.9,0.501,0.036,0.213,2.1,5.4,3.8,41.1,1.5,0.1,15.6,21.5,,5.1,0.3,5.4,0.085,,3.1,-2.2,0.8,2.2
201,Audie Norris,C,23,POR,79,1157,8.7,0.565,0,0.606,8.2,18.4,13.2,8.1,1.2,1.7,26.8,14.8,,-0.1,1.2,1.1,0.046,,-4.1,0.4,-3.7,-0.5
202,Mike O'Koren,SF,25,NJN,73,1191,10,0.508,0.073,0.226,6.7,10.1,8.4,10.5,1.3,0.5,15.1,16.6,,0.3,1.2,1.5,0.062,,-1.8,-0.4,-2.2,0
203,Mark Olberding,PF,27,KCK,81,2160,11.5,0.589,0.002,0.631,6.2,17.5,11.7,11.5,1.1,0.7,20.5,15.1,,2,2.1,4.1,0.091,,-1.8,0.4,-1.4,0.3
204,Jawann Oldham,C,26,CHI,64,870,10,0.524,0,0.303,9.8,21.2,15.4,5.4,0.8,5.1,25.1,15.7,,-0.8,1.3,0.5,0.026,,-4.7,1.4,-3.3,-0.3
205,Louis Orr,SF,25,NYK,78,1640,12.4,0.524,0,0.369,7.5,9.4,8.4,5.4,2,0.6,12.5,19.3,,1.3,2.3,3.5,0.103,,-0.7,0,-0.8,0.5
206,Robert Parish*,C,30,BOS,80,2867,19.2,0.584,0,0.323,10,23.5,17,7,0.9,2.3,12.4,21.3,,5.7,4.8,10.5,0.175,,1.8,0.1,1.9,2.8
207,Billy Paultz,C,35,ATL,40,486,6.6,0.434,0,0.375,8.1,18.6,13.3,5,0.8,0.9,17.7,11.1,,-0.3,0.5,0.3,0.027,,-3.5,-0.4,-3.9,-0.2
208,Jim Paxson,SG,26,POR,81,2686,19.5,0.573,0.045,0.31,2.9,4.8,3.8,14.1,2.2,0.2,8.6,24.7,,7.5,1.9,9.5,0.17,,2.8,-0.5,2.2,2.9
209,John Paxson,PG,23,SAS,49,458,12.7,0.478,0.161,0.19,0.9,6.6,3.8,38.5,1,0.2,17.7,15.3,,0.5,0.1,0.6,0.058,,0.3,-2,-1.7,0
210,Roger Phegley,SG,27,TOT,13,87,4.9,0.381,0.143,0.114,2.7,11.7,7.2,16,0.6,0,14,20.3,,-0.2,0,-0.1,-0.066,,-5,-0.9,-5.9,-0.1
210,Roger Phegley,SG,27,SAS,3,11,20.7,0.717,0.25,0.5,0,19,9.7,22.8,0,0,17,20.7,,0,0,0,0.212,,-3.8,0,-3.8,0
210,Roger Phegley,SG,27,DAL,10,76,2.6,0.329,0.129,0.065,3.1,10.7,6.9,15,0.6,0,13.6,20.2,,-0.2,0,-0.2,-0.106,,-5.1,-1,-6.2,-0.2
211,Ricky Pierce,SG,24,SDC,69,1280,13.2,0.53,0.016,0.304,5.2,6.7,6,6.6,1,0.6,11.1,22.6,,1.7,0.1,1.8,0.067,,-1.1,-1.9,-3,-0.3
212,John Pinone,SF,22,ATL,7,65,7.8,0.575,0,0.769,0,17.8,8.8,6.5,1.5,0.9,22.3,14.9,,0,0.1,0.1,0.04,,-4.1,0.3,-3.8,0
213,Tom Piotrowski,C,23,POR,18,78,9.2,0.524,0,0.231,8.9,15.6,12.1,8.4,0.6,2.3,17.3,17.9,,0,0.1,0.1,0.07,,-4.5,0,-4.6,-0.1
214,Charles Pittman,PF,25,PHO,69,989,11.3,0.633,0.01,0.483,8.9,16.4,12.7,8.8,0.8,1.3,24.2,13.9,,0.8,0.9,1.7,0.081,,-1.4,-0.2,-1.7,0.1
215,Ben Poquette,PF,28,CLE,51,858,9.6,0.487,0.029,0.251,7.3,17.2,12.1,7.5,1.1,2.3,12.8,10.6,,0.4,0.9,1.3,0.075,,-2.4,1.1,-1.3,0.1
216,Paul Pressey,SG,25,MIL,81,1730,14.5,0.547,0.017,0.379,7,11.4,9.3,20.7,2.5,1.7,20.3,18.9,,0.9,2.9,3.8,0.106,,-0.1,2,1.9,1.7
217,Kurt Rambis,PF,25,LAL,47,743,10.9,0.591,0,0.584,13.4,26.1,20.2,5.1,1.9,1,28.3,10.7,,0.3,1.2,1.5,0.095,,-2,0.5,-1.5,0.1
218,Kelvin Ransey,PG,25,NJN,80,1937,14,0.487,0.046,0.261,1.6,5.9,3.7,33,2.2,0.2,15.3,18.9,,1.8,2,3.8,0.095,,0.2,-0.3,-0.1,0.9
219,Leo Rautins,SF,23,PHI,28,196,6.2,0.385,0,0.172,5.4,13.5,9.6,20,2.2,0.6,23.3,17.2,,-0.4,0.3,-0.1,-0.024,,-4.9,0.4,-4.5,-0.1
220,Robert Reid,SF,28,HOU,64,1936,14.5,0.491,0.009,0.144,5.4,13.5,9.5,15.3,2.1,0.8,9.2,20.4,,1.5,2.1,3.5,0.088,,-0.7,0.7,0,1
221,Clint Richardson,SG,27,PHI,69,1571,10,0.503,0.008,0.218,4.6,7.2,6,14,1.5,0.8,16.2,16.3,,0.3,1.6,1.9,0.057,,-2.1,-0.2,-2.2,-0.1
222,Micheal Ray Richardson,PG,28,NJN,48,1285,15.1,0.5,0.11,0.205,4.9,10.5,7.6,23,3.7,0.9,17,21.5,,0.3,2.1,2.4,0.09,,-0.4,2.2,1.8,1.2
223,Doc Rivers,PG,22,ATL,81,1938,14.9,0.553,0.022,0.601,4.2,8.9,6.5,23.7,3.3,0.9,20.3,19.1,,1.6,2.6,4.2,0.103,,-0.8,1.8,1.1,1.5
224,Anthony Roberts,SF,28,DEN,19,197,6.7,0.409,0,0.198,10.4,17,13.6,8,1.1,0.3,14.7,22.2,,-0.3,0.1,-0.2,-0.058,,-5.7,-2.1,-7.9,-0.4
225,Fred Roberts,PF,23,SAS,79,1531,12.6,0.604,0.01,0.431,7.2,13.8,10.6,7.6,1.5,1.3,17.4,14.5,,2,0.9,3,0.093,,-1,0.1,-0.9,0.4
226,Rick Robey,C,28,PHO,61,856,12.8,0.578,0.004,0.342,10.9,16.2,13.5,9.9,1.1,0.9,20.7,17.9,,0.6,0.8,1.4,0.078,,-1.3,-0.7,-2,0
227,Cliff Robinson,C,23,CLE,73,2402,16.6,0.488,0.002,0.282,7.1,29.3,17.8,12.3,1,0.8,12.3,26.4,,0.2,2.9,3.1,0.062,,0.2,-0.8,-0.6,0.9
228,Truck Robinson,PF,32,NYK,65,2135,10.4,0.522,0,0.355,9.8,21.2,15.5,6.1,1,0.8,19.2,16.2,,-0.1,3.3,3.2,0.071,,-2,-0.2,-2.2,-0.1
229,Dave Robisch,C,34,TOT,31,340,6.5,0.428,0,0.271,4.9,14,9.4,6.8,0.4,0.3,10,13.7,,-0.1,0.1,0.1,0.009,,-3.3,-1,-4.4,-0.3
229,Dave Robisch,C,34,DEN,19,141,3.6,0.405,0,0.325,0.7,15.3,7.8,10.2,0,0.4,19.4,15.2,,-0.2,0,-0.2,-0.079,,-4.8,-1.4,-6.2,-0.2
229,Dave Robisch,C,34,SAS,4,37,4.8,0.5,0,0,5.9,17,11.5,3.1,0,0,11.1,9.4,,0,0,0,0.029,,-4.1,-0.4,-4.5,0
229,Dave Robisch,C,34,KCK,8,162,9.4,0.437,0,0.271,8.3,12.2,10.2,4.8,0.9,0.3,0,13.3,,0.2,0.1,0.3,0.08,,-1.9,-0.8,-2.7,0
230,Tree Rollins,C,28,ATL,77,2351,14.2,0.544,0,0.359,9.6,19.4,14.4,3.8,0.7,7,14.2,13.1,,1.8,3.8,5.5,0.113,,-1.3,2.3,1,1.8
231,Lorenzo Romar,PG,25,TOT,68,1022,14.8,0.501,0.094,0.268,2.4,7.7,5.2,26.8,2.7,0.5,13.8,18.8,,0.9,1.5,2.4,0.113,,0.1,1.2,1.2,0.8
231,Lorenzo Romar,PG,25,GSW,3,15,8.9,0.444,0.2,0.8,0,7.8,3.6,8.8,0,0,0,17.5,,0,0,0,0.043,,-4.3,-0.2,-4.5,0
231,Lorenzo Romar,PG,25,MIL,65,1007,14.9,0.502,0.092,0.26,2.5,7.7,5.2,27.1,2.7,0.5,14,18.8,,0.9,1.5,2.4,0.114,,0.1,1.2,1.3,0.8
232,Dan Roundfield,PF,30,ATL,73,2610,18.9,0.551,0.011,0.468,8.9,22.9,15.8,11.4,1.2,1.7,14.1,24.1,,3.5,3.6,7.1,0.131,,1.8,-0.1,1.7,2.4
233,Jeff Ruland,C,25,WSB,75,3082,19.6,0.633,0.007,0.614,10,24.8,17.4,14.9,1.1,1.3,20.6,23,,5,4.3,9.3,0.144,,1.9,0.7,2.6,3.6
234,Walker Russell,PG,23,DET,16,119,9,0.43,0.048,0.31,5.2,12.1,8.5,22.1,1.6,0,15.9,18.3,,0,0.1,0.1,0.04,,-4,-0.1,-4.1,-0.1
235,Ralph Sampson*,C,23,HOU,82,2693,20.1,0.551,0.003,0.317,11.8,24.7,18.3,8.9,1.2,4,15.9,27.1,,1.9,4.1,6,0.108,,0.5,0.4,0.9,2
236,Mike Sanders,SF,23,PHO,50,586,10.5,0.503,0,0.207,7.9,12.6,10.3,9.8,1.9,1.2,16.6,18.6,,0,0.6,0.6,0.045,,-3.1,-0.1,-3.2,-0.2
237,DeWayne Scales,PF,25,WSB,2,13,8.4,0.51,0,0.4,0,26.8,13.4,0,3.8,0,25.4,25.9,,-0.1,0,0,-0.131,,-4.6,0,-4.5,0
238,Danny Schayes,C,24,DEN,82,1420,12.9,0.592,0.005,0.733,10.5,21.9,16,7.4,1,2.2,19.5,16.2,,1.8,1.1,2.8,0.095,,-2.8,-0.6,-3.4,-0.5
239,Alvin Scott,SF,28,PHO,65,735,7.6,0.536,0.016,0.581,4.6,11.4,8,7.6,1.2,1.6,21.2,11,,0.1,0.6,0.8,0.049,,-2.5,0.4,-2.2,0
240,Byron Scott,SG,22,LAL,74,1637,13.4,0.525,0.049,0.201,3.7,7.3,5.7,14,2.3,0.6,13.4,21.3,,1.1,1.5,2.7,0.079,,-1.5,0,-1.5,0.2
241,Lonnie Shelton,PF,28,CLE,79,2101,12.6,0.506,0.006,0.18,7.3,13.5,10.3,12.7,1.8,1.5,16.4,20,,0,2.1,2.1,0.048,,-1.5,0.3,-1.3,0.4
242,Purvis Short,SF,26,GSW,79,2945,16.9,0.529,0.048,0.295,6.3,10.1,8.1,13,1.6,0.2,11.8,25.6,,4.1,1.9,6,0.098,,1.3,-1.3,0,1.5
243,Jerry Sichting,PG,27,IND,80,2497,13.9,0.569,0.027,0.181,2,5.6,3.8,25.7,1.7,0.2,15.2,15.7,,3.2,1.9,5.2,0.099,,-0.1,-0.5,-0.6,0.9
244,Jack Sikma*,C,28,SEA,82,2993,19.7,0.572,0.002,0.416,8.6,25.9,17.3,16,1.5,1.7,14.7,22.2,,5.3,4.4,9.7,0.156,,1.7,1.2,2.9,3.7
245,Derek Smith,SG,22,SDC,61,1297,14,0.591,0.014,0.374,4.7,10.1,7.4,8.6,1.2,0.9,13.3,18,,2.3,0.4,2.6,0.098,,-0.2,-0.5,-0.7,0.4
246,Larry Smith,PF,26,GSW,75,2091,12.1,0.571,0,0.385,13.7,21.9,17.5,4.5,1.4,0.6,19.6,11.8,,1.8,2.1,4,0.091,,-1.3,-0.9,-2.2,-0.1
247,Ricky Sobers,SG,31,WSB,81,2624,13.2,0.514,0.1,0.237,2.3,5.7,4,22.2,2.2,0.4,15.3,23.6,,0.4,2.5,2.9,0.053,,-1.3,-0.2,-1.6,0.3
248,Jim Spanarkel,SG,26,DAL,7,54,16.8,0.552,0.125,0.813,10.8,4.3,7.5,11.9,5.4,0,15.6,19.9,,0.1,0.1,0.2,0.141,,-2.8,1,-1.9,0.1
249,Rory Sparrow,PG,25,NYK,79,2436,12.4,0.514,0.053,0.178,2.4,7,4.7,31.2,2,0.2,20.9,17.2,,1.1,3.1,4.2,0.083,,-0.5,0,-0.5,0.9
250,Larry Spriggs,SF,24,LAL,38,363,9.6,0.596,0.024,0.61,5.4,13.1,9.5,9.7,1.5,0.6,24.6,15.3,,0.1,0.4,0.5,0.062,,-3,0.1,-2.9,-0.1
251,Brook Steppe,SG,24,IND,61,857,13.9,0.559,0.01,0.513,5.6,10.2,7.9,13.2,1.9,0.4,17.7,22.5,,0.5,0.9,1.3,0.074,,-1.1,-0.7,-1.8,0
252,Steve Stipanovich,C,23,IND,81,2426,12.6,0.526,0.02,0.298,5.3,20.2,12.8,9.9,1.4,1.6,14.9,18.4,,0.4,3.3,3.6,0.072,,-2.1,0.3,-1.8,0.1
253,Jon Sundvold,PG,22,SEA,73,1284,12.1,0.488,0.076,0.148,2,6,4,26.4,1.1,0,13.5,19.4,,0.5,0.6,1.2,0.044,,-1.1,-1.7,-2.7,-0.2
254,Dane Suttle,SG,22,KCK,40,469,15.3,0.55,0.014,0.22,5,6.2,5.6,14.9,2,0,12,22.9,,0.6,0.3,0.9,0.094,,0,-0.4,-0.4,0.2
255,Terry Teagle,SG,23,HOU,68,616,11.8,0.508,0.086,0.14,4.9,8.7,6.8,14.5,1,0.4,15.6,25.3,,-0.2,0.4,0.2,0.016,,-2,-1.8,-3.9,-0.3
256,Reggie Theus,PG,26,TOT,61,1498,14.3,0.498,0.067,0.45,3.8,6.1,4.9,34.1,1.6,0.5,17.2,24.5,,0.7,1,1.8,0.056,,0.2,-1.4,-1.2,0.3
256,Reggie Theus,PG,26,CHI,31,601,12.9,0.476,0.063,0.456,4,4.9,4.4,35.1,1.7,0.3,17.2,23.7,,0.1,0.4,0.5,0.043,,-0.7,-1.6,-2.3,0
256,Reggie Theus,PG,26,KCK,30,897,15.3,0.511,0.07,0.446,3.6,7,5.3,33.4,1.5,0.6,17.3,25.1,,0.6,0.6,1.2,0.065,,0.8,-1.3,-0.5,0.3
257,David Thirdkill,SF,23,DET,46,291,5.9,0.45,0.014,0.431,3.2,8.4,5.7,10.9,1.6,0.6,18.2,13.8,,-0.2,0.2,0,0.002,,-4.5,0,-4.5,-0.2
258,Isiah Thomas*,PG,22,DET,82,3007,20.9,0.52,0.045,0.365,3.5,8.2,5.8,41.5,3.1,0.6,15.4,25.4,,5.7,3.4,9.1,0.144,,4,0.7,4.8,5.1
259,Jim Thomas,SG,23,IND,72,1219,12.1,0.504,0.027,0.273,5.4,8.1,6.8,14.9,2.3,0.3,13.3,17.6,,0.4,1.2,1.6,0.065,,-1.6,0.2,-1.4,0.2
260,David Thompson*,SG,29,SEA,19,349,20,0.609,0.006,0.442,5.9,8.4,7.2,6,1.4,2.1,12,26.7,,0.8,0.3,1,0.144,,2.1,-0.5,1.6,0.4
261,LaSalle Thompson,C,22,KCK,80,1915,16.9,0.562,0,0.35,15.2,27.3,21.1,6.3,1.7,4.3,18.6,19,,1.5,3.3,4.9,0.122,,-1.3,1.1,-0.1,0.9
262,Mychal Thompson,C,29,POR,79,2648,17.9,0.561,0.002,0.429,10.2,20.8,15.4,15.9,1.5,2.4,17.5,20.4,,3.6,3.3,6.9,0.125,,1.9,0.8,2.7,3.1
263,Paul Thompson,SF,22,CLE,82,1731,14.9,0.51,0.059,0.225,7.6,13.1,10.2,10.5,2,1.3,9.1,19.3,,2,1.8,3.7,0.104,,0.3,0.4,0.7,1.2
264,Sedale Threatt,PG,22,PHI,45,464,6.6,0.462,0.054,0.189,4.3,5.5,4.9,12.4,1.4,0.2,17.1,17.2,,-0.3,0.4,0.1,0.012,,-4.8,-0.9,-5.7,-0.4
265,Darren Tillis,C,23,GSW,72,730,9.5,0.456,0.008,0.248,10.4,17.5,13.7,4.4,0.8,4.6,15.3,17.7,,-0.3,0.8,0.5,0.03,,-5.8,0.2,-5.6,-0.7
266,Ray Tolbert,PF,25,DET,49,475,10.5,0.536,0.008,0.372,9.7,12.3,11,6.7,1.2,2.3,15.6,13.5,,0.3,0.5,0.8,0.081,,-2.2,0.4,-1.9,0
267,Andrew Toney,SG,26,PHI,78,2556,17.3,0.597,0.034,0.413,2.6,5.9,4.3,23.7,1.3,0.5,18.3,26.3,,4.2,2.2,6.4,0.12,,1.5,-1.4,0,1.3
268,Linton Townes,SF,24,TOT,4,19,11.7,0.5,0,0,0,5.9,3,7.1,2.5,5.8,11.1,19,,0,0,0,0.036,,-4.2,0.3,-4,0
268,Linton Townes,SF,24,MIL,2,2,30.3,1,0,0,0,0,0,0,0,0,0,21.1,,0,0,0,0.361,,-4.6,0.1,-4.5,0
268,Linton Townes,SF,24,SDC,2,17,9.6,0.429,0,0,0,6.6,3.3,7.9,2.8,6.4,12.5,18.7,,0,0,0,-0.002,,-4.2,0.3,-3.9,0
269,Kelly Tripucka,SF,24,DET,76,2493,16.8,0.53,0.013,0.404,4.9,8.3,6.5,12.8,1.2,0.4,11.1,26.5,,4.1,1.5,5.7,0.109,,1.3,-1.6,-0.3,1.1
270,Trent Tucker,SG,24,NYK,63,1228,13.6,0.518,0.036,0.073,4.3,8.6,6.4,16.8,2.5,0.4,10.4,17.6,,1.2,1.8,3,0.119,,-0.2,1.6,1.3,1
271,Elston Turner,SF,24,DAL,47,536,9.9,0.415,0.06,0.227,9.1,11,10.1,13.7,2.4,0,15,15.1,,-0.1,0.5,0.3,0.029,,-2.1,0.1,-2,0
272,Terry Tyler,SF,27,DET,82,1602,13.2,0.482,0.019,0.191,6.7,12.5,9.5,6.3,1.8,2,9.4,19.9,,0.8,1.7,2.5,0.074,,-0.8,-0.1,-0.9,0.4
273,Darnell Valentine,PG,24,POR,68,1893,13.8,0.52,0.005,0.439,3,5,4,26.6,2.7,0.2,18.2,17.4,,2.1,1.6,3.7,0.093,,0,-0.1,-0.2,0.9
274,Kiki Vandeweghe,PF,25,DEN,78,2734,23.6,0.618,0.019,0.362,3.1,11.4,7.2,13.1,0.8,1,7.7,27.8,,9.7,0.6,10.3,0.181,,5.4,-1.8,3.6,3.9
275,Pete Verhoeven,PF,24,POR,43,327,12,0.527,0.01,0.25,9.5,12.7,11,8,3.2,2,15.9,16.3,,0.2,0.5,0.7,0.099,,-2.8,1.6,-1.2,0.1
276,Jay Vincent,SF,24,DAL,61,1421,12.1,0.499,0.002,0.371,6.6,13.5,10.1,11,1,0.4,14.4,23.1,,0.2,0.9,1.1,0.038,,-2.2,-1.8,-3.9,-0.7
277,Danny Vranes,SF,25,SEA,80,2174,10.7,0.559,0.002,0.477,7.9,12.7,10.3,8,1.1,1.4,16.8,13.8,,1.5,1.9,3.4,0.076,,-1.9,0.1,-1.8,0.1
278,Granville Waiters,C,23,IND,78,1040,10.4,0.532,0.004,0.214,6.8,17.3,12.1,7.7,1.1,4.6,20,12.9,,-0.1,1.5,1.3,0.062,,-3.7,1.8,-1.9,0
279,Darrell Walker,PG,22,NYK,82,1324,15.9,0.508,0.029,0.508,6.8,8.5,7.7,31.1,4.6,0.7,23.4,26.1,,-0.4,2.7,2.3,0.083,,-0.5,2.3,1.8,1.3
280,Foots Walker,PG,32,NJN,34,378,9.4,0.442,0.056,0.3,2.4,7.1,4.7,25.9,2.5,0.5,23.3,14,,-0.1,0.4,0.3,0.043,,-2.4,0.6,-1.8,0
281,Wally Walker,SF,29,HOU,58,612,10.9,0.49,0.025,0.075,4.6,11.6,8.1,12,1.3,0.4,11.7,18.1,,0.1,0.5,0.5,0.041,,-2,-0.5,-2.5,-0.1
282,Bill Walton*,C,31,SDC,55,1476,17.9,0.57,0.004,0.297,10.2,26.4,18.3,17.1,1.4,3.3,23.2,20.6,,0.7,1.6,2.3,0.074,,0.9,1.6,2.6,1.7
283,Bryan Warrick,PG,24,WSB,32,254,6.9,0.431,0.045,0.242,2.3,7.8,5,23.1,1.7,0.7,21.5,15.6,,-0.3,0.2,0,-0.008,,-4.4,0.3,-4.1,-0.1
284,Marvin Webster,C,31,NYK,76,1290,10.7,0.499,0,0.49,13.8,20.7,17.2,5.4,1.3,4.7,22.6,12.1,,-0.1,2.5,2.5,0.091,,-2.4,2,-0.3,0.5
285,Scott Wedman,SF,31,BOS,68,916,9.9,0.469,0.039,0.105,5.3,11.7,8.6,9.8,1.4,0.4,11,17.6,,0.1,1.1,1.2,0.065,,-2.5,-0.1,-2.6,-0.1
286,Brant Weidner,PF,23,SAS,8,38,5.4,0.372,0,0.444,11.4,19.3,15.4,0,0,2.7,15.7,13,,0,0,0,-0.014,,-4.4,-0.6,-4.9,-0.1
287,Mark West,C,23,DAL,34,202,4.1,0.358,0,0.524,10.9,15.5,13.2,7.7,0.2,4.2,18.8,13.1,,-0.3,0.2,-0.1,-0.023,,-6.7,0.4,-6.3,-0.3
288,Paul Westphal*,SG,33,PHO,59,865,14.6,0.549,0.083,0.454,1.1,4.8,2.9,22.4,2.2,0.4,17,21.5,,0.9,0.7,1.5,0.086,,-0.1,-0.8,-0.9,0.2
289,Ennis Whatley,PG,21,CHI,80,2159,13.5,0.519,0.004,0.36,3.3,7.2,5.2,43.4,2.7,0.5,29.4,17.5,,-0.3,2.2,1.9,0.043,,-0.2,-0.4,-0.6,0.8
290,Rory White,SF,24,TOT,36,372,13.9,0.488,0,0.276,11.6,11.6,11.6,5.7,1.9,0.5,11.2,23.7,,0,0.4,0.4,0.05,,-1.1,-1.3,-2.5,-0.1
290,Rory White,SF,24,PHO,22,308,15.3,0.499,0,0.292,11.3,12.2,11.8,6.4,2,0.4,10,24,,0.2,0.3,0.5,0.071,,-0.5,-1.5,-2,0
290,Rory White,SF,24,MIL,8,45,7.1,0.417,0,0.294,13.1,7.3,10.1,3.1,2.2,1.3,20.7,22.7,,-0.1,0.1,-0.1,-0.062,,-4.1,-0.5,-4.6,0
290,Rory White,SF,24,SDC,6,19,7.6,0.444,0,0,12,11.9,11.9,0,0,0,10,21,,0,0,0,-0.02,,-4.4,-0.5,-4.9,0
291,Jerome Whitehead,C,27,SDC,70,921,12.2,0.551,0,0.364,11.6,18.5,15.1,2.7,0.9,0.7,14.7,17.3,,1.1,0.4,1.5,0.08,,-2.1,-1.6,-3.8,-0.4
292,Mitchell Wiggins,SG,24,CHI,82,2123,13.7,0.501,0.033,0.322,7.4,10.4,8.9,13.8,2.4,0.3,12,22.5,,1.1,2.2,3.3,0.076,,-1.3,0.2,-1.1,0.5
293,Jamaal Wilkes*,SF,30,LAL,75,2507,15.4,0.549,0.008,0.265,6.3,8.8,7.7,11.3,1.3,0.9,10.4,21.1,,4,2,6,0.115,,0.6,-0.9,-0.3,1.1
294,Dominique Wilkins*,SF,24,ATL,81,2961,19.2,0.531,0.008,0.347,9.7,12.9,11.2,7.3,2,1.8,11.5,27.1,,3.4,3.6,7,0.113,,2.2,-0.7,1.6,2.7
295,Jeff Wilkins,C,28,UTA,81,1734,10.9,0.527,0.006,0.35,7,19.8,13.8,5.5,0.7,1.3,15.4,16.3,,0.5,1.9,2.3,0.065,,-2.8,-0.8,-3.6,-0.7
296,Buck Williams,PF,23,NJN,81,3003,15.8,0.556,0.004,0.538,13.3,24.9,19,5.8,1.3,2.4,17.1,18.3,,2.4,4.9,7.3,0.117,,0,-0.2,-0.1,1.4
297,Gus Williams,PG,30,SEA,80,2818,18.9,0.506,0.019,0.303,2.7,5.5,4.1,36.2,3.2,0.5,13.5,25.2,,3,2.9,5.9,0.101,,2.4,0.3,2.7,3.4
298,Herb Williams,C,25,IND,69,2279,14.8,0.52,0.005,0.343,7.5,19.3,13.4,13.7,1.2,2.7,17.3,21.7,,-0.3,3.1,2.8,0.059,,-0.8,0.4,-0.4,0.9
299,Kevin Williams,SG,22,SAS,19,200,9.9,0.52,0.017,0.552,2.2,4.7,3.5,25.2,1.8,1,23.4,18.2,,0,0.1,0.1,0.026,,-3.3,-0.4,-3.6,-0.1
300,Ray Williams,SG,29,NYK,76,2230,17.4,0.521,0.086,0.339,3.7,10.9,7.3,30.3,3.5,0.7,16.9,24.3,,2.1,4.1,6.2,0.132,,1,2.1,3.1,2.9
301,Rob Williams,PG,22,DEN,79,1924,13.3,0.527,0.07,0.311,2.9,7.8,5.3,29,1.9,0.1,18.1,18.3,,1.6,0.6,2.2,0.056,,-1,-1.4,-2.4,-0.2
302,Sam Williams,PF,24,TOT,77,1434,13.2,0.508,0.002,0.325,9.8,16.8,13.4,6.1,2.3,4.3,16.7,17,,0.1,2.6,2.7,0.091,,-2.5,1.8,-0.8,0.5
302,Sam Williams,PF,24,GSW,7,59,17.7,0.481,0,0.269,6.9,17.9,12,4.8,4.7,2.9,9.4,21.2,,0,0.1,0.1,0.117,,-2.7,0.8,-1.9,0.1
302,Sam Williams,PF,24,PHI,70,1375,13,0.509,0.002,0.328,9.9,16.8,13.5,6.2,2.2,4.3,17.2,16.8,,0.1,2.5,2.6,0.09,,-2.5,1.8,-0.7,0.4
303,Sly Williams,SF,26,ATL,13,258,9.3,0.391,0.079,0.404,8.3,13.9,11.1,9.1,2.7,0.2,11.8,25.5,,-0.5,0.3,-0.1,-0.021,,-4.1,-0.8,-4.9,-0.2
304,Bill Willoughby,SF,26,NJN,67,936,11.2,0.53,0.027,0.244,9,14.6,11.8,7.7,1.1,1.5,15.6,14.4,,0.7,1.1,1.8,0.092,,-1.1,0.2,-1,0.2
305,Michael Wilson,PG,24,WSB,6,26,-5.5,0.174,0.5,1,4.5,0,2.2,13.7,0,0,51,9.7,,-0.1,0,-0.1,-0.159,,-5.2,-0.5,-5.7,-0.1
306,Randy Wittman,SG,24,ATL,78,1071,9.3,0.517,0.016,0.145,1.5,6.2,3.8,10,0.8,0,8.6,14.9,,0.6,0.6,1.2,0.054,,-2,-0.9,-3,-0.3
307,Al Wood,SG,25,SEA,81,2236,14.9,0.545,0.022,0.287,4.8,9.2,7,11.2,1.4,0.8,10.6,22.1,,2.7,1.7,4.4,0.094,,-0.2,-0.7,-0.9,0.6
308,Mike Woodson,SG,25,KCK,71,1838,15.9,0.541,0.01,0.37,3.8,7.1,5.4,14,2.1,0.9,10.8,23.3,,2.6,1.6,4.2,0.11,,0.4,0.1,0.5,1.2
309,Orlando Woolridge,SF,24,CHI,75,2544,15.9,0.567,0.002,0.39,5.8,11,8.3,8.9,1.3,1.4,12.9,23.8,,3,2.3,5.3,0.1,,0.7,-0.6,0.1,1.4
310,James Worthy*,PF,22,LAL,82,2415,16.5,0.591,0.007,0.289,7.9,15.6,12.1,11.1,1.5,1.6,15.3,19.7,,3.8,2.7,6.5,0.129,,0.7,0.2,0.9,1.8